{
    "dt": {
        "c300_d100": [
            "gini",
            4,
            "best",
            0.685,
            0.7123287671232876
        ],
        "c300_d1000": [
            "gini",
            5,
            "best",
            0.6725,
            0.7095343680709535
        ],
        "c300_d5000": [
            "entropy",
            10,
            "best",
            0.7803,
            0.7884041221227006
        ],
        "c500_d100": [
            "entropy",
            4,
            "best",
            0.695,
            0.6965174129353234
        ],
        "c500_d1000": [
            "entropy",
            5,
            "best",
            0.682,
            0.687007874015748
        ],
        "c500_d5000": [
            "entropy",
            10,
            "best",
            0.7881,
            0.7978246350539071
        ],
        "c1000_d100": [
            "entropy",
            4,
            "random",
            0.73,
            0.7476635514018691
        ],
        "c1000_d1000": [
            "entropy",
            5,
            "best",
            0.808,
            0.8102766798418972
        ],
        "c1000_d5000": [
            "entropy",
            10,
            "best",
            0.8535,
            0.8596608870581474
        ],
        "c1500_d100": [
            "entropy",
            2,
            "best",
            0.84,
            0.8545454545454545
        ],
        "c1500_d1000": [
            "gini",
            10,
            "random",
            0.92,
            0.921645445641528
        ],
        "c1500_d5000": [
            "entropy",
            10,
            "random",
            0.9551,
            0.9555753438211141
        ],
        "c1800_d100": [
            "entropy",
            4,
            "best",
            0.925,
            0.9282296650717703
        ],
        "c1800_d1000": [
            "entropy",
            10,
            "best",
            0.9745,
            0.9747899159663865
        ],
        "c1800_d5000": [
            "entropy",
            20,
            "random",
            0.9834,
            0.9835153922542205
        ]
    },
    "bagging_dt": {
        "c300_d100": [
            "entropy",
            8,
            "random",
            50,
            1.0,
            0.78,
            0.7731958762886598
        ],
        "c300_d1000": [
            "entropy",
            10,
            "best",
            50,
            0.75,
            0.8735,
            0.8748144482929243
        ],
        "c300_d5000": [
            "entropy",
            20,
            "random",
            50,
            0.5,
            0.904,
            0.9087278950370793
        ],
        "c500_d100": [
            "entropy",
            8,
            "random",
            50,
            0.5,
            0.845,
            0.8516746411483254
        ],
        "c500_d1000": [
            "entropy",
            10,
            "best",
            50,
            0.75,
            0.8835,
            0.8819057273188039
        ],
        "c500_d5000": [
            "gini",
            10,
            "random",
            50,
            1.0,
            0.9259,
            0.9281489382332978
        ],
        "c1000_d100": [
            "gini",
            2,
            "random",
            50,
            0.1,
            0.92,
            0.9207920792079208
        ],
        "c1000_d1000": [
            "entropy",
            5,
            "random",
            50,
            0.1,
            0.94,
            0.9420849420849421
        ],
        "c1000_d5000": [
            "gini",
            20,
            "best",
            50,
            0.75,
            0.962,
            0.9619391025641025
        ],
        "c1500_d100": [
            "entropy",
            2,
            "best",
            50,
            0.1,
            0.99,
            0.9900990099009901
        ],
        "c1500_d1000": [
            "gini",
            5,
            "random",
            50,
            0.1,
            0.984,
            0.9840637450199203
        ],
        "c1500_d5000": [
            "entropy",
            20,
            "best",
            50,
            0.5,
            0.9894,
            0.9894021195760848
        ],
        "c1800_d100": [
            "entropy",
            2,
            "best",
            50,
            0.5,
            0.935,
            0.937799043062201
        ],
        "c1800_d1000": [
            "gini",
            10,
            "random",
            50,
            0.1,
            0.9935,
            0.9934967483741871
        ],
        "c1800_d5000": [
            "entropy",
            20,
            "random",
            50,
            1.0,
            0.9977,
            0.9976979281353218
        ]
    },
    "random_forest": {
        "c300_d100": [
            "entropy",
            2,
            50,
            "sqrt",
            0.755,
            0.743455497382199
        ],
        "c300_d1000": [
            "entropy",
            5,
            50,
            "sqrt",
            0.8465,
            0.8473396320238687
        ],
        "c300_d5000": [
            "gini",
            5,
            50,
            "log2",
            0.8709,
            0.8726196349284657
        ],
        "c500_d100": [
            "entropy",
            4,
            50,
            "sqrt",
            0.86,
            0.8556701030927835
        ],
        "c500_d1000": [
            "entropy",
            5,
            50,
            "sqrt",
            0.9095,
            0.9100844510680576
        ],
        "c500_d5000": [
            "gini",
            10,
            50,
            "sqrt",
            0.9351,
            0.9363538295577131
        ],
        "c1000_d100": [
            "entropy",
            4,
            50,
            "log2",
            0.99,
            0.9900990099009901
        ],
        "c1000_d1000": [
            "entropy",
            15,
            50,
            "sqrt",
            0.98,
            0.9799599198396793
        ],
        "c1000_d5000": [
            "gini",
            10,
            50,
            "log2",
            0.9936,
            0.9936114993012577
        ],
        "c1500_d100": [
            "entropy",
            2,
            50,
            "log2",
            1.0,
            1.0
        ],
        "c1500_d1000": [
            "entropy",
            10,
            50,
            "sqrt",
            1.0,
            1.0
        ],
        "c1500_d5000": [
            "gini",
            20,
            50,
            "log2",
            1.0,
            1.0
        ],
        "c1800_d100": [
            "entropy",
            2,
            50,
            "sqrt",
            1.0,
            1.0
        ],
        "c1800_d1000": [
            "entropy",
            5,
            50,
            "sqrt",
            1.0,
            1.0
        ],
        "c1800_d5000": [
            "entropy",
            10,
            20,
            "log2",
            0.9999,
            0.9998999899989999
        ]
    },
    "gradient_boosting": {
        "c300_d100": [
            "friedman_mse",
            2,
            50,
            0.1,
            1.0,
            0.785,
            0.7881773399014779
        ],
        "c300_d1000": [
            "friedman_mse",
            5,
            50,
            0.1,
            1.0,
            0.977,
            0.9774730656219393
        ],
        "c300_d5000": [
            "friedman_mse",
            5,
            50,
            0.1,
            1.0,
            0.9874,
            0.9875567845151096
        ],
        "c500_d100": [
            "squared_error",
            4,
            50,
            0.1,
            0.5,
            0.9,
            0.9038461538461539
        ],
        "c500_d1000": [
            "friedman_mse",
            5,
            50,
            0.1,
            1.0,
            0.984,
            0.9841584158415841
        ],
        "c500_d5000": [
            "friedman_mse",
            5,
            50,
            0.1,
            1.0,
            0.9897,
            0.9898029898029898
        ],
        "c1000_d100": [
            "friedman_mse",
            10,
            50,
            0.1,
            0.5,
            0.94,
            0.9393939393939394
        ],
        "c1000_d1000": [
            "friedman_mse",
            5,
            50,
            0.1,
            1.0,
            0.988,
            0.9880478087649402
        ],
        "c1000_d5000": [
            "friedman_mse",
            5,
            50,
            0.1,
            1.0,
            0.9958,
            0.9958083832335329
        ],
        "c1500_d100": [
            "friedman_mse",
            2,
            50,
            0.1,
            0.5,
            1.0,
            1.0
        ],
        "c1500_d1000": [
            "friedman_mse",
            5,
            50,
            0.1,
            0.5,
            0.998,
            0.998001998001998
        ],
        "c1500_d5000": [
            "friedman_mse",
            5,
            50,
            0.1,
            0.5,
            0.9989,
            0.9989005497251374
        ],
        "c1800_d100": [
            "friedman_mse",
            2,
            50,
            0.1,
            0.5,
            0.99,
            0.9900990099009901
        ],
        "c1800_d1000": [
            "friedman_mse",
            5,
            50,
            0.1,
            1.0,
            0.9995,
            0.9995002498750625
        ],
        "c1800_d5000": [
            "friedman_mse",
            5,
            50,
            0.1,
            0.5,
            0.9998,
            0.9998
        ]
    }
}